<application>
  <component name="TipsStore">
    <option name="globalFirstStartUp" value="false" />
    <entry projectPath="$USER_HOME$/biaopu-csp-apis-xparent" startUpFlag="FIRST" />
    <entry projectPath="$USER_HOME$/biaopu-risks-provider-xparent" startUpFlag="FIRST" />
    <entry projectPath="$USER_HOME$/biaopu-service-currency-xparent" startUpFlag="FIRST" />
    <entry projectPath="$USER_HOME$/biaopu-tms-provider-xparent" startUpFlag="FIRST" />
    <entry projectPath="$USER_HOME$/codedemo/SpringCloudDemo" startUpFlag="FIRST" />
    <entry projectPath="$USER_HOME$/codedemo/code-gen" startUpFlag="FIRST" />
    <entry projectPath="$USER_HOME$/codedemo/code-gen/gen" startUpFlag="FIRST" />
    <entry projectPath="$USER_HOME$/codedemo/dataTransfer" startUpFlag="FIRST" />
    <entry projectPath="$USER_HOME$/codedemo/ddjs-backend" startUpFlag="FIRST" />
    <entry projectPath="$USER_HOME$/codedemo/ddjs-server-api" startUpFlag="FIRST" />
    <entry projectPath="$USER_HOME$/codedemo/saas-iot" startUpFlag="FIRST" />
    <entry projectPath="$USER_HOME$/codedemo/strive" startUpFlag="FIRST" />
    <entry projectPath="$USER_HOME$/spring-boot-seckill" startUpFlag="FIRST" />
    <entry projectPath="$USER_HOME$/strive" startUpFlag="FIRST" />
    <entry projectPath="$USER_HOME$/strive-gateway" startUpFlag="FIRST" />
    <entry projectPath="$USER_HOME$/strive-seckill" startUpFlag="FIRST" />
    <entry projectPath="$USER_HOME$/swpdata-handle-xparent" startUpFlag="FIRST" />
  </component>
</application>