<application>
  <component name="FindSettings">
    <option name="caseSensitive" value="true" />
    <option name="customScope" value="Project and Libraries" />
    <option name="defaultScopeName" value="Project and Libraries" />
    <option name="localCaseSensitive" value="true" />
    <option name="localWholeWordsOnly" value="true" />
    <option name="regularExpressions" value="true" />
    <option name="CASE_SENSITIVE_SEARCH" value="true" />
    <option name="LOCAL_CASE_SENSITIVE_SEARCH" value="true" />
    <option name="LOCAL_WHOLE_WORDS_ONLY" value="true" />
    <option name="REGULAR_EXPRESSIONS" value="true" />
    <option name="SEARCH_SCOPE" value="Project and Libraries" />
    <option name="FILE_MASK" value="*" />
    <mask>*.class</mask>
    <mask>*.XML</mask>
    <mask>*Mapping.java</mask>
    <mask>*DataTransfer.java</mask>
    <mask>*Task.java</mask>
    <mask>Wms*DataTransfer.java</mask>
    <mask>*ServiceImpl.java</mask>
    <mask>WmsInv*.xml</mask>
    <mask>Wms*.java</mask>
    <mask>LkkWms*.xml</mask>
    <mask>WmsInv*.java</mask>
    <mask>LkkWmsInv*.xml</mask>
    <mask>LkkWmsInv*.java</mask>
    <mask>LkkWms*.java</mask>
    <mask>LkkWmsFast*.xml</mask>
    <mask>*.yml</mask>
    <mask>*.java.vm</mask>
    <mask>*.</mask>
    <mask>*.css</mask>
    <mask>*.html</mask>
    <mask>*.xml</mask>
    <mask>*.jsp</mask>
    <mask>*.properties</mask>
    <mask>*.java</mask>
    <mask>*</mask>
  </component>
</application>