<application>
  <component name="AppStorage">
    <option name="newTranslationDialogHeight" value="394" />
    <option name="newTranslationDialogWidth" value="836" />
    <option name="newTranslationDialogX" value="284" />
    <option name="newTranslationDialogY" value="224" />
    <histories>
      <item value="state" />
      <item value="decrement" />
      <item value="relation" />
      <item value="latest" />
      <item value="Trend" />
      <item value="DECODER" />
      <item value="channel" />
      <item value="pipeline" />
      <item value="child" />
      <item value="Decoder" />
      <item value="Channel" />
      <item value="that makes it easy to bootstrap" />
      <item value="methods are useful in combination with connectionless transports such as datagram (UDP). For regular TCP connections, please use the provided" />
      <item value="Loop" />
      <item value="Intercept" />
      <item value="Exception encountered during context initialization - cancelling refresh attempt: org.springframework.beans.factory.UnsatisfiedDependencyException: Error creating bean with name 'OAuth2AuthorizationServerConfig': Unsatisfied dependency expressed through field 'authenticationManager'; nested exception is org.springframework.beans.factory.UnsatisfiedDependencyException: Error creating bean with name 'securityConfig': Unsatisfied dependency expressed through field 'userDetailsService'; nested exception is org.springframework.beans.factory.UnsatisfiedDependencyException: Error creating bean with name 'userDetailServiceImpl': Unsatisfied dependency expressed through field 'userService'; nested exception is org.springframework.beans.factory.NoUniqueBeanDefinitionException: No qualifying bean of type 'com.jloved.strive.service.SysUserService' available: expected single matching bean but found 2: sysUserServiceImpl,sysUserService" />
      <item value="ConfigServletWebServerApplicationContext : Exception encountered during context initialization - cancelling refresh attempt: org.springframework.beans.factory.UnsatisfiedDependencyException: Error creating bean with name 'clientController': Unsatisfied dependency expressed through field 'redisHelper'; nested exception is org.springframework.beans.factory.NoSuchBeanDefinitionException: No qualifying bean of type 'com.jloved.strive.common.data.helper.RedisHelper' available: expected at least 1 bean which qualifies as autowire candidate. Dependency annotations: {@org.springframework.beans.factory.annotation.Autowired(required=true)}" />
      <item value="Helper" />
      <item value="security" />
      <item value="starter" />
      <item value="format" />
      <item value="经度" />
    </histories>
    <option name="languageScores">
      <map>
        <entry key="CHINESE" value="17" />
        <entry key="ENGLISH" value="18" />
      </map>
    </option>
  </component>
  <component name="Cache">
    <option name="lastTrimTime" value="1636622158170" />
  </component>
  <component name="Settings">
    <option name="translateDocumentation" value="true" />
  </component>
</application>