<application>
  <component name="FileTypeManager" version="18">
    <ignoreFiles list="*.cmd;*.iml;*.ipr;*.iws;*.mvn;*.pyc;*.pyo;*.rbc;*.txlcn;*.workflow;*.yarb;*~;.DS_Store;.classpath;.git;.gitignore;.gradle;.hg;.idea;.project;.settings;.svn;CVS;LICENSE.txt;__pycache__;_svn;gradle;gradlew*;logs;mvnw;vssver.scc;vssver2.scc" />
    <extensionMap>
      <mapping ext="main.kts" type="Kotlin" />
      <mapping ext="gradle.kts" type="Kotlin" />
      <mapping ext="space.kts" type="Kotlin" />
      <mapping pattern="README.md" type="Markdown" />
      <mapping pattern="fasdf" type="PLAIN_TEXT" />
      <mapping ext="bak" type="PLAIN_TEXT" />
      <mapping ext="log-2020-12-31" type="PLAIN_TEXT" />
      <mapping ext="cfg" type="PLAIN_TEXT" />
      <mapping ext="db" type="PLAIN_TEXT" />
      <mapping ext="log-2020-12-17" type="PLAIN_TEXT" />
      <removed_mapping ext="apk" approved="true" type="ARCHIVE" />
      <removed_mapping ext="bat" approved="true" type="PLAIN_TEXT" />
      <removed_mapping ext="cmd" approved="true" type="PLAIN_TEXT" />
      <removed_mapping ext="dockerfile" approved="true" type="textmate" />
      <removed_mapping ext="drl" approved="true" type="PLAIN_TEXT" />
      <removed_mapping ext="ignore" approved="true" type="IgnoreLang file" />
      <removed_mapping ext="json" approved="true" type="JSON" />
      <removed_mapping ext="makefile" approved="true" type="textmate" />
      <removed_mapping ext="psd" approved="true" type="Image" />
      <removed_mapping ext="snakefile" approved="true" type="textmate" />
      <removed_mapping ext="yaml" approved="true" type="YAML" />
      <removed_mapping pattern=".workflow" approved="true" type=".workflow" />
      <removed_mapping pattern="README.md" approved="true" type="AUTO_DETECTED" />
      <mapping pattern="*requirements*.txt" type="requirements.txt" />
    </extensionMap>
  </component>
</application>