<application>
  <component name="FindSettings">
    <option name="caseSensitive" value="true" />
    <option name="customScope" value="所有位置" />
    <option name="defaultScopeName" value="所有位置" />
    <option name="localCaseSensitive" value="true" />
    <option name="localRegularExpressions" value="true" />
    <option name="showResultsInSeparateView" value="true" />
    <option name="CASE_SENSITIVE_SEARCH" value="true" />
    <option name="LOCAL_CASE_SENSITIVE_SEARCH" value="true" />
    <option name="LOCAL_REGULAR_EXPRESSIONS" value="true" />
    <option name="SHOW_RESULTS_IN_SEPARATE_VIEW" value="true" />
    <option name="SEARCH_SCOPE" value="所有位置" />
    <option name="FILE_MASK" value="*.xml" />
    <mask>*.class</mask>
    <mask>*.XML</mask>
    <mask>*Mapping.java</mask>
    <mask>*DataTransfer.java</mask>
    <mask>*Task.java</mask>
    <mask>Wms*DataTransfer.java</mask>
    <mask>*ServiceImpl.java</mask>
    <mask>WmsInv*.xml</mask>
    <mask>Wms*.java</mask>
    <mask>LkkWms*.xml</mask>
    <mask>WmsInv*.java</mask>
    <mask>LkkWmsInv*.xml</mask>
    <mask>LkkWmsInv*.java</mask>
    <mask>LkkWms*.java</mask>
    <mask>LkkWmsFast*.xml</mask>
    <mask>*.java.vm</mask>
    <mask>*.</mask>
    <mask>*</mask>
    <mask>*.pom</mask>
    <mask>*.css</mask>
    <mask>*.html</mask>
    <mask>*.jsp</mask>
    <mask>*.properties</mask>
    <mask>*.yml</mask>
    <mask>*.*</mask>
    <mask>*.yaml</mask>
    <mask>*.java</mask>
    <mask>*.xml</mask>
  </component>
</application>