<application>
  <component name="AppStorage">
    <option name="newTranslationDialogHeight" value="394" />
    <option name="newTranslationDialogWidth" value="836" />
    <option name="newTranslationDialogX" value="284" />
    <option name="newTranslationDialogY" value="224" />
    <histories>
      <item value="A rack identifier for this client. This can be any string value which indicates where this client is physically located. It corresponds with the broker config 'broker.rack'" />
      <item value="decrypt" />
      <item value="encrypt" />
      <item value="subtract" />
      <item value="Search" />
      <item value="Big Screen Car Statistic Dto" />
      <item value="Result Dto" />
      <item value="Spliterator" />
      <item value="id Property" />
      <item value="Returns whether the PersistentEntity has an id property. If this call returns true, getIdProperty() will return a non-null value. Returns: true if entity has an id property." />
      <item value="Get all the fields and values in a hash. Params: key – the key. Returns: Map&lt;K,V&gt; array-reply list of fields and their values stored in the hash, or an empty list when key does not exist." />
      <item value="MILLISECONDS" />
      <item value="Toilet Space Report" />
      <item value="toll" />
      <item value="gasstation" />
      <item value="reversed" />
      <item value="Latitude" />
      <item value="Registered" />
      <item value="Elilpse" />
      <item value="replaced" />
      <item value="actual" />
      <item value="Json Format" />
      <item value="Api Model Property" />
      <item value="Tank" />
      <item value="Transfer" />
      <item value="Extend" />
      <item value="deodorize" />
      <item value="D Deodorize Log Entity" />
      <item value="Terminal" />
      <item value="ecoder" />
      <item value="ecoder Bean Id" />
      <item value="fire Channel Read" />
      <item value="accept Inbound Message" />
      <item value="exception Caught" />
      <item value="channel Active" />
      <item value="user Event Triggered" />
      <item value="Simple" />
      <item value="report Msg" />
      <item value="disable Dump" />
      <item value="dump hex file" />
      <item value="dump" />
      <item value="disable" />
      <item value="identify" />
      <item value="reply" />
      <item value="event was fired, and it reached at the tail of the pipeline. It usually means the last handler in the pipeline did not handle the exception" />
      <item value="is uploaded along with status updated" />
      <item value="terminal" />
      <item value="Attribute Map" />
      <item value="Idle" />
      <item value="Location" />
    </histories>
    <option name="languageScores">
      <map>
        <entry key="CHINESE" value="114" />
        <entry key="ENGLISH" value="115" />
        <entry key="PORTUGUESE" value="1" />
        <entry key="SWEDISH" value="1" />
        <entry key="SWAHILI" value="1" />
        <entry key="ITALIAN" value="1" />
      </map>
    </option>
  </component>
  <component name="Cache">
    <option name="lastTrimTime" value="1678673672549" />
  </component>
  <component name="Settings">
    <option name="baiduTranslateSettings">
      <app-key>
        <option name="appId" value="20221010001382477" />
      </app-key>
    </option>
    <option name="translateDocumentation" value="true" />
  </component>
  <component name="Translation.Cache">
    <option name="lastTrimTime" value="1685948561592" />
  </component>
  <component name="Translation.States">
    <histories>
      <item value="destination Key" />
      <item value="delta" />
      <item value="increment" />
      <item value="is After" />
      <item value="after" />
      <item value="huizhifeng" />
      <item value="d Compression Box Entity" />
      <item value="D Compression Trajectory Info Mongo Entity" />
      <item value="insert Compression Trajectory Info" />
      <item value="flash" />
      <item value="create Persistent Entity" />
      <item value="Persistent" />
      <item value="Basic Mongo Persistent Entity" />
      <item value="Concatenates the specified string to the end of this string. If the length of the argument string is 0, then this String object is returned. Otherwise, a String object is returned that represents a character sequence that is the concatenation of the character sequence represented by this String object and the character sequence represented by the argument string." />
      <item value="Concatenates the specified string to the end of this string. If the length of the argument string is 0, then this String object is returned. Otherwise, a String object is returned that represents a character sequence that is the concatenation of the character sequence represented by this String object and the character sequence represented by the argument string. Examples: &quot;cares&quot;.concat(&quot;s&quot;) returns &quot;caress&quot; &quot;to&quot;.concat(&quot;get&quot;).concat(&quot;her&quot;) returns &quot;together&quot; Params: str – the String that is concatenated to the end of this String. Returns: a string that represents the concatenation of this object's characters followed by the string argument's characters." />
      <item value="report" />
      <item value="Fertility" />
      <item value="out Of China" />
      <item value="Sphere" />
      <item value="irrigate" />
      <item value="Strategy" />
      <item value="Add one or more members to a sorted set, or update its score if it already exists. Params: key – the key. score – the score. member – the member. Returns: Long integer-reply specifically: The number of elements added to the sorted sets, not including elements already existing for which the score was updated." />
      <item value="Absent" />
      <item value="variety" />
    </histories>
    <option name="languageScores">
      <map>
        <entry key="CHINESE" value="16" />
        <entry key="ENGLISH" value="17" />
      </map>
    </option>
  </component>
</application>