<application>
  <component name="com.intellij.ide.ui.customization.CustomActionsSchema">
    <group value="CompileDirty" is_action="true" action_type="1" position="0">
      <path value="root" />
      <path value="主工具栏" />
      <path value="右侧" />
      <option name="myInitialPosition" value="-1" />
    </group>
    <group value="Vcs.UpdateProject" is_action="true" action_type="1" position="1">
      <path value="root" />
      <path value="主工具栏" />
      <path value="左侧" />
      <path value="VCS 组" />
      <option name="myInitialPosition" value="-1" />
    </group>
    <group value="CheckinProject" is_action="true" action_type="1" position="2">
      <path value="root" />
      <path value="主工具栏" />
      <path value="左侧" />
      <path value="VCS 组" />
      <option name="myInitialPosition" value="-1" />
    </group>
    <group value="Vcs.Push" is_action="true" action_type="1" position="3">
      <path value="root" />
      <path value="主工具栏" />
      <path value="左侧" />
      <path value="VCS 组" />
      <option name="myInitialPosition" value="-1" />
    </group>
    <group value="Git.Fetch" is_action="true" action_type="1" position="4">
      <path value="root" />
      <path value="主工具栏" />
      <path value="左侧" />
      <path value="VCS 组" />
      <option name="myInitialPosition" value="-1" />
    </group>
    <group value="AddFrameworkSupport" is_action="true" action_type="1" position="21">
      <path value="root" />
      <path value="主菜单" />
      <path value="文件" />
      <path value="文件打开操作" />
      <path value="打开项目操作" />
      <path value="新建" />
      <option name="myInitialPosition" value="-1" />
    </group>
    <group value="AddFrameworkSupport" is_action="true" action_type="1" position="59">
      <path value="root" />
      <path value="项目视图弹出窗口菜单" />
      <option name="myInitialPosition" value="-1" />
    </group>
  </component>
</application>