<application>
  <component name="FindSettings">
    <option name="caseSensitive" value="true" />
    <option name="customScope" value="项目和库" />
    <option name="defaultScopeName" value="项目和库" />
    <option name="localCaseSensitive" value="true" />
    <option name="localRegularExpressions" value="true" />
    <option name="wholeWordsOnly" value="true" />
    <option name="CASE_SENSITIVE_SEARCH" value="true" />
    <option name="LOCAL_CASE_SENSITIVE_SEARCH" value="true" />
    <option name="WHOLE_WORDS_ONLY" value="true" />
    <option name="LOCAL_REGULAR_EXPRESSIONS" value="true" />
    <option name="SEARCH_SCOPE" value="项目和库" />
    <option name="FILE_MASK" value="*.java" />
    <mask>*.css</mask>
    <mask>*.html</mask>
    <mask>*.jsp</mask>
    <mask>*.properties</mask>
    <mask>*.</mask>
    <mask>*.yml</mask>
    <mask>*.*</mask>
    <mask>*.xml</mask>
    <mask>*.java</mask>
  </component>
</application>