<application>
  <component name="GeneralSettings">
    <option name="showTipsOnStartup" value="false" />
    <option name="autoSaveIfInactive" value="true" />
    <option name="confirmExit" value="false" />
    <option name="confirmOpenNewProject2" value="0" />
    <option name="processCloseConfirmation" value="TERMINATE" />
    <option name="inactiveTimeout" value="10" />
  </component>
  <component name="Registry">
    <entry key="ide.experimental.ui" value="true" />
    <entry key="editor.minimap.enabled" value="true" />
    <entry key="ide.balloon.shadow.size" value="0" />
    <entry key="debugger.new.tool.window.layout" value="true" />
  </component>
  <component name="StatusBar">
    <option name="widgets">
      <map>
        <entry key="FlowJSInfo" value="false" />
        <entry key="Memory" value="true" />
        <entry key="TypeScriptInfo" value="false" />
        <entry key="ai.code.plugin" value="false" />
      </map>
    </option>
  </component>
</application>