<application>
  <component name="Translation.Cache">
    <option name="lastTrimTime" value="1716453041931" />
  </component>
  <component name="Translation.Settings">
    <option name="primaryLanguage" value="CHINESE" />
  </component>
  <component name="Translation.States">
    <option name="pinTranslationDialog" value="true" />
    <option name="translationDialogHeight" value="260" />
    <option name="translationDialogLocationX" value="419" />
    <option name="translationDialogLocationY" value="308" />
    <histories>
      <item value="process plain select" />
      <item value="sync inverter status" />
      <item value="Qc Other Information Entity" />
      <item value="is Compatible With" />
      <item value="Failed to transfer the parameter" />
      <item value="Before" />
      <item value="authentication" />
      <item value="early Application Events" />
      <item value="leave" />
      <item value="electrician" />
      <item value="examine Approve" />
      <item value="Business Exception" />
      <item value="agent.review Order.later Flow Treatment.Incorrect Parameter.Transmission" />
      <item value="Maintenance" />
      <item value="expression" />
      <item value="examine" />
      <item value="temporary" />
      <item value="verification" />
      <item value="Material" />
      <item value="Unable to render template {{quote_sku_items_table}}" />
      <item value="Process instance id is required" />
      <item value="Execution Entity Manager" />
      <item value="Historic Detail Entity Manager" />
      <item value="customize" />
      <item value="task Before" />
      <item value="unescape" />
      <item value="get Business Id" />
      <item value="is Retain Ext" />
      <item value="deserialize" />
      <item value="KEEP DIFFERENT STYLES" />
      <item value="KEEP SOURCE FORMATTING" />
      <item value="USE DESTINATION STYLES" />
      <item value="set Line Spacing" />
      <item value="set Left Indent" />
      <item value="Width is an integer number of 20ths of a point (twips)" />
      <item value="BOTTOM" />
      <item value="BOTH" />
      <item value="returns a list of paragraphs" />
      <item value="alignment" />
      <item value="Alignment" />
      <item value="Vertical Alignment" />
      <item value="mounting Structure" />
      <item value="Consumables" />
      <item value="agent item final price rule" />
      <item value="expected Size" />
      <item value="description" />
      <item value="latitude" />
      <item value="Specialization of format. @param number the long number to format @return the formatted String @exception ArithmeticException if rounding is needed with rounding mode being set to RoundingMode.UNNECESSARY @see java.text.Formatformat" />
      <item value="App Company" />
      <item value="The error occurred while setting parameters SQL: SELECT `ida2a2` FROM `devil_device_list` WHERE `apk_isbn` IN ( ? , ? , ? ) AND `random_str` = ? ORDER BY `register_time` DESC LIMIT 0,1; UNION ALL SELECT `ida2a2` FROM `devil_device_list` WHERE `apk_isbn` IN ( ? , ? , ? ) AND `device_cpu` = ? ORDER BY `register_time` DESC LIMIT 0,1; Cause: com.mysql.jdbc.exceptions.jdbc4.MySQLSyntaxErrorException: You have an error in your SQL syntax; check the manual that corresponds to your MySQL server version for the right syntax to use near 'UNION ALL SELECT" />
    </histories>
    <option name="languageScores">
      <map>
        <entry key="CHINESE" value="49" />
        <entry key="ENGLISH" value="50" />
      </map>
    </option>
  </component>
</application>