<filetype binary="false" default_extension="workflow" description=".workflow" name=".workflow">
  <highlighting>
    <options>
      <option name="LINE_COMMENT" value="" />
      <option name="COMMENT_START" value="" />
      <option name="COMMENT_END" value="" />
      <option name="HEX_PREFIX" value="" />
      <option name="NUM_POSTFIXES" value="" />
    </options>
    <keywords ignore_case="true" />
  </highlighting>
  <extensionMap>
    <mapping ext="workflow" />
  </extensionMap>
</filetype>