<keymap version="1" name="Eclipse copy" parent="Eclipse">
  <action id="$Copy">
    <keyboard-shortcut first-keystroke="meta c" />
    <keyboard-shortcut first-keystroke="ctrl c" />
  </action>
  <action id="$Cut">
    <keyboard-shortcut first-keystroke="ctrl x" />
    <keyboard-shortcut first-keystroke="shift delete" />
    <keyboard-shortcut first-keystroke="meta x" />
  </action>
  <action id="$Paste">
    <keyboard-shortcut first-keystroke="meta v" />
    <keyboard-shortcut first-keystroke="ctrl v" />
  </action>
  <action id="$Redo">
    <keyboard-shortcut first-keystroke="ctrl y" />
    <keyboard-shortcut first-keystroke="meta y" />
  </action>
  <action id="$SelectAll">
    <keyboard-shortcut first-keystroke="meta a" />
  </action>
  <action id="$Undo">
    <keyboard-shortcut first-keystroke="ctrl z" />
    <keyboard-shortcut first-keystroke="meta z" />
  </action>
  <action id="CloseAllEditorsButActive">
    <keyboard-shortcut first-keystroke="shift ctrl meta o" />
  </action>
  <action id="CollapseAllRegions">
    <keyboard-shortcut first-keystroke="shift meta minus" />
  </action>
  <action id="CompileDirty">
    <keyboard-shortcut first-keystroke="ctrl f9" />
  </action>
  <action id="DebugClass">
    <keyboard-shortcut first-keystroke="shift ctrl meta d" />
  </action>
  <action id="Editor Copy">
    <keyboard-shortcut first-keystroke="meta c" />
    <keyboard-shortcut first-keystroke="ctrl c" />
  </action>
  <action id="Editor Cut">
    <keyboard-shortcut first-keystroke="meta x" />
  </action>
  <action id="Editor Paste">
    <keyboard-shortcut first-keystroke="meta v" />
    <keyboard-shortcut first-keystroke="ctrl v" />
  </action>
  <action id="Editor Redo">
    <keyboard-shortcut first-keystroke="meta y" />
  </action>
  <action id="Editor SelectAll">
    <keyboard-shortcut first-keystroke="meta a" />
  </action>
  <action id="Editor Undo">
    <keyboard-shortcut first-keystroke="meta z" />
  </action>
  <action id="EditorDeleteLine">
    <keyboard-shortcut first-keystroke="ctrl d" />
    <keyboard-shortcut first-keystroke="meta d" />
  </action>
  <action id="ExpandAllRegions">
    <keyboard-shortcut first-keystroke="shift meta equals" />
  </action>
  <action id="Find">
    <keyboard-shortcut first-keystroke="meta f" />
  </action>
  <action id="MavenHelper.QuickRunMavenGoal" />
  <action id="RemoteHostView.Rename" />
  <action id="RenameElement">
    <keyboard-shortcut first-keystroke="ctrl alt r" />
  </action>
  <action id="ReplaceInPath">
    <keyboard-shortcut first-keystroke="shift ctrl alt r" />
  </action>
  <action id="SaveAll">
    <keyboard-shortcut first-keystroke="ctrl s" />
    <keyboard-shortcut first-keystroke="meta s" />
  </action>
  <action id="ShowProjectStructureSettings">
    <keyboard-shortcut first-keystroke="ctrl meta comma" />
  </action>
</keymap>